Item No,Price A,Price Hot
0ELLF1804N50,450.00,350
0ELLF1804N50,450.00,350
100HMX50,78.00,72
10CPUAGULED27,7.42,6.63
10CPUAGULED30,7.42,6.63
10CPUALED27,7.42,6.63
10CPUALED30,7.42,6.63
10G25DLED927/JA8,3.45,3.2
10LELK5.5B930,9.62,8.88
10LELK5.5B930F,9.62,8.88
10P30NDV30FL,2.20,2
10P30NDV50FL,2.20,2
10PUBDLED927/JA8,7.16,6.63
10PUBGUDLED927/JA8,7.16,6.63
10PUBGUDLED930/JA8,7.16,6.63
10PUBGULED27,4.19,3.92
10PUBGULED30,4.19,3.92
10PUBLED27,4.19,3.92
10PUBLED30,4.19,3.92
11BR30DLED27/G3,3.00,2.7
11BR30DLED30/G3,3.00,2.7
11BR30DLED40/G3,3.00,2.7
11BR30DLED927/G4,3.50,3.2
11BR30DLED930/G4,3.50,3.2
11P30D27FL,3.35,3.05
11P30D27NF,3.35,3.05
11P30D30FL,3.35,3.05
11P30D30NF,3.35,3.05
11P30D40FL,3.35,3.05
11P30D40NF,3.35,3.05
11P30D50FL,3.35,3.05
11P30WLND27FL,3.35,3.05
11P30WLND27NF,3.35,3.05
11P30WLND30FL,3.35,3.05
11P30WLND30NF,3.35,3.05
11P30WLND40FL,3.35,3.05
11P30WLND40NF,3.35,3.05
120PT40,108.00,99
120PT50,108.00,99
12BR40DLED27/G3,4.00,3.65
12BR40DLED30/G3,4.00,3.65
12BR40DLED40/G3,4.00,3.65
12P30LNDLED927FL/JA8,5.25,4.95
12P30LNDLED930FL/JA8,5.25,4.95
12PLG24QHLED27,7.40,6.65
12PLG24QHLED30,7.40,6.65
12PLG24QHLED35,7.40,6.65
12PLG24QHLED40,7.40,6.65
12PLG24QVLED27,7.40,6.65
12PLG24QVLED30,7.40,6.65
12PLG24QVLED35,7.40,6.65
12PLG24QVLED40,7.40,6.65
13BR40DV27,3.50,3
13BR40DV30,3.50,3
13BR40DV50,3.50,3
13P30LNLED230FL,9.55,8.5
13P30LNLED240FL,9.55,8.5
13P38NDV30FL,3.50,3.25
13P38NDV50FL,3.50,3.25
13P38WD27FL,5.85,5.3
13P38WD27FLB/2P/WS,9.55,8.75
13P38WD30FL,5.85,5.3
13P38WD30NF,5.85,5.3
13P38WD40FL,5.85,5.3
13P38WD40NF,5.85,5.3
13P38WD50FLB/2P/WS,9.55,8.75
14A19/3W27,5.85,5.6
14A19/3W27/2P/WS,11.15,10.6
14A19/3W30,5.85,5.6
14A19/3W50,5.85,5.6
14A19/3W50/2P/WS,11.15,10.6
15A21/3WLED927,7.25,6.85
15P38DLED927FL/JA8,6.90,6.35
15P38DLED930FL/JA8,6.90,6.35
15P38WD27FL,6.20,5.8
15P38WD30FL,6.20,5.8
15P38WD40FL,6.20,5.8
17A21D27,4.20,4
17A21D30,4.20,4
17A21D40,4.20,4
17A21D50,4.20,4
17A21ND27,4.20,4
17A21ND30,4.20,4
17A21ND40,4.20,4
17A21ND50,4.20,4
17BR40DLED27/G3,5.45,5.05
17BR40DLED30/G3,5.45,5.05
17BR40DLED40/G3,5.45,5.05
17P38LED230FL,16.30,14.85
17P38LED240FL,16.30,14.85
18LELK11.5B930,13.50,12.5
18LELK11.5B930F,13.52,12.48
2.5G4LED27,5.30,4.8
2.5WDGLED27,5.30,4.8
21A21D27,7.40,7.15
21A21D30,7.40,7.15
21A21D40,7.40,7.15
21A21D50,7.40,7.15
21A21ND27,7.40,7.15
21A21ND30,7.40,7.15
21A21ND40,7.40,7.15
21A21ND50,7.40,7.15
26A23D27,9.55,9
26A23D30,9.55,9
26A23D40,9.55,9
26A23D50,9.55,9
26A23ND27,9.55,9
26A23ND30,9.55,9
26A23ND40,9.55,9
26A23ND50,9.55,9
36PT40,35.00,33
36PT50,35.00,33
3G9DLED27,4.20,3.8
3G9LED27,4.20,3.8
4.5MR16GUD27FL,2.45,2.25
4.5MR16GUD30FL,2.45,2.25
40HMX50,37.00,34
54PT40,40.00,37
54PT50,40.00,37
5G16.5DLED27/G2,2.25,2
5G9DLED27,6.00,5.5
5G9LED27,6.00,5.5
6.5MR16GUD927FL/JA8,3.20,2.9
6.5MR16GUD930FL/JA8,3.20,2.9
60HMX50,42.00,39
6PLE26LED27,6.50,6
6PLE26LED30,6.50,6
6PLG24QLED27,6.50,6
6PLG24QLED30,6.50,6
6PLG24QLED35,6.50,6
6PLG24QLED40,6.50,6
6PLG24QLED50,6.50,6
6PLGU24LED27,6.50,6
6PLGU24LED30,6.50,6
6PLGU24LED40,6.50,6
6PLGX23LED27,6.50,6
6PLGX23LED35,6.50,6
6PLGX23LED40,6.50,6
6PLGX23LED50,6.50,6
6R20DV27,1.50,1.35
6R20DV50,1.50,1.35
7BR20DLED27/G3,2.00,1.8
7BR20DLED30/G3,2.00,1.8
7BR20DLED40/G3,2.00,1.8
7MR16GUD27FL,2.45,2.25
7MR16GUD30FL,2.45,2.25
7P20NDV30FL,1.85,1.6
7P20NDV50FL,1.85,1.6
7P20WD27FL,2.65,2.45
7P20WD27NF,2.65,2.45
7P20WD30FL,2.65,2.45
7P20WD30NF,2.65,2.45
7P20WD40FL,2.65,2.45
7P20WD40NF,2.65,2.45
80HMX50,68.00,63
8BR30D27/4P/WS,10.60,9.55
8BR30D50/4P/WS,10.60,9.55
8BR30DLED27/G3,2.75,2.45
8BR30DLED30/G3,2.90,2.6
8BR30DLED40/G3,2.90,2.6
8BR30DLED50/G3,2.90,2.6
8BR30DV27,1.85,1.75
8BR30DV30,1.85,1.75
8BR30DV50,1.85,1.75
8PLE26LED27,7.10,6.5
8PLE26LED30,7.10,6.5
8PLG24QLED27,7.10,6.5
8PLG24QLED30,7.10,6.5
8PLG24QLED35,7.10,6.5
8PLG24QLED40,7.10,6.5
8PLG24QLED50,7.10,6.5
8PLGU24LED27,7.10,6.5
8PLGU24LED30,7.10,6.5
8PLGU24LED40,7.10,6.5
8PLGX23LED27,7.10,6.5
8PLGX23LED35,7.10,6.5
8PLGX23LED40,7.10,6.5
8PLGX23LED50,7.10,6.5
9BR30SDLED30,6.35,5.85
AR-XAL450HT3-50B,845.00,686
AR-XAL450HT3-50BRPC,875.00,716
AR-XAL450HT4-50B,845.00,686
AR-XAL450HT5-50B,845.00,686
AR-XAL450UT3-50B,795.00,636
AR-XAL450UT3-50BRPC,825.00,666
AR-XAL450UT4-50B,795.00,636
AR-XAL450UT5-50B,795.00,636
AR-XAL450UT5-50BRPC,825.00,666
AR100HT2-50BA,275.00,250
AR100HT3-50BA,275.00,250
AR100HT3-50BK,275.00,250
AR100HT4-40BA,275.00,250
AR100HT4-50BA,275.00,250
AR100HT5-40BT,275.00,250
AR100HT5-50BA,275.00,250
AR100HT5-50BK,275.00,250
AR100HT5-50BT,275.00,250
AR100HT5-50WA,320.00,295
AR100LED50,151.00,139
AR100UT2-50BA,225.00,200
AR100UT3-40BARPC,255.00,230
AR100UT3-40BK,225.00,200
AR100UT3-40BKRPC,255.00,230
AR100UT3-50B,210.00,185
AR100UT3-50BA,225.00,200
AR100UT3-50BAMS,280.00,255
AR100UT3-50BARPC,255.00,230
AR100UT3-50BK,225.00,200
AR100UT3-50BKMS,280.00,255
AR100UT3-50BKRPC,255.00,230
AR100UT4-40BK,225.00,200
AR100UT4-50BA,225.00,200
AR100UT4-50BAMS,280.00,255
AR100UT4-50BARPC,255.00,230
AR100UT4-50BKRPC,255.00,230
AR100UT4-50BT,225.00,200
AR100UT5-40BA,225.00,200
AR100UT5-40BT,225.00,200
AR100UT5-50BA,225.00,200
AR100UT5-50BKRPC,255.00,230
AR140HT3-40BA,360.00,330
AR140HT3-50BK,360.00,330
AR140HT4-40BKMS,415.00,385
AR140HT4-50BARPC,390.00,360
AR140HT5-50BTMS,415.00,385
AR140HT5-50BTRPC,390.00,360
AR140UT3-40BA,310.00,280
AR140UT3-40BAMS,365.00,335
AR140UT3-40BKMS,365.00,335
AR140UT3-40BKRPC,340.00,310
AR140UT3-40BT,310.00,280
AR140UT3-40BTRPC,340.00,310
AR140UT3-50BA,310.00,280
AR140UT3-50BARPC,340.00,310
AR140UT3-50BK,310.00,280
AR140UT3-50BT,310.00,280
AR140UT3-50BTMS,365.00,335
AR140UT3-50BTRPC,340.00,310
AR140UT4-40BKMS,365.00,335
AR140UT4-50BA,310.00,280
AR140UT4-50BARPC,340.00,310
AR140UT4-50BK,310.00,280
AR140UT4-50BKMS,365.00,335
AR140UT4-50BKRPC,340.00,310
AR140UT5-50BA,310.00,280
AR140UT5-50BK,310.00,280
AR140UT5-50BKMS,365.00,335
AR140UT5-50BKRPC,340.00,310
AR140UT5-50BTRPC,340.00,310
AR210HT3-40BA,430.00,410
AR210HT3-50BA,430.00,410
AR210HT3-50BARPC,460.00,440
AR210HT4-40BA,430.00,410
AR210HT4-40BK,430.00,410
AR210HT5-50BA,430.00,410
AR210UT3-40BARPC,410.00,390
AR210UT3-40BK,380.00,360
AR210UT3-50BA,380.00,360
AR210UT3-50BARPC,410.00,390
AR210UT3-50BK,380.00,360
AR210UT3-50BT,380.00,360
AR210UT3-50BTRPC,410.00,390
AR210UT4-40BA,380.00,360
AR210UT4-50BA,380.00,360
AR210UT4-50BKRPC,410.00,390
AR210UT5-40BT,380.00,360
AR210UT5-50BA,380.00,360
AR210UT5-50BK,380.00,360
AR210UT5-50BTRPC,410.00,390
AR280HT3-50BA,525.00,500
AR280HT5-40BA,525.00,500
AR280HT5-40BAPR7,555.00,530
AR280HT5-50BA,525.00,500
AR280HT5-50BTRPC,555.00,530
AR280UT2-40BA,475.00,450
AR280UT3-40BA,475.00,450
AR280UT3-50BA,475.00,450
AR280UT3-50BARPC,505.00,480
AR280UT3-50BK,475.00,450
AR280UT3-50BKRPC,505.00,480
AR280UT3-50BT,475.00,450
AR280UT3-50BTMS,530.00,505
AR280UT4-40BA,475.00,450
AR280UT4-40BK,475.00,450
AR280UT4-50BA,475.00,450
AR280UT4-50BKRPC,505.00,480
AR280UT5-40BK,475.00,450
AR280UT5-50BA,475.00,450
AR280UT5-50BK,475.00,450
AR280UT5-50BKRPC,505.00,480
AR280UT5-50BT,475.00,450
AR280UT5-50BTRPC,505.00,480
AR40LED50,75.00,69
AR60HT3-40BA,230.00,210
AR60HT3-40BK,230.00,210
AR60HT4-50BA,230.00,210
AR60UT2-40BA,180.00,160
AR60UT2-50BK,180.00,160
AR60UT3-40BA,180.00,160
AR60UT3-40BAMS,235.00,215
AR60UT3-40BARPC,210.00,190
AR60UT3-40BT,180.00,160
AR60UT3-50B,165.00,145
AR60UT3-50BA,180.00,160
AR60UT3-50BARPC,210.00,190
AR60UT3-50BKRPC,210.00,190
AR60UT3-50BT,180.00,160
AR60UT4-40BA,180.00,160
AR60UT4-50BK,180.00,160
AR60UT5-40BA,180.00,160
AR60UT5-40BAMS,235.00,215
AR60UT5-50BA,180.00,160
AR60UT5-50BK,180.00,160
AR60UT5-50BKRPC,210.00,190
AR60UT5-50BTMS,235.00,215
BF12AUDT30B,26.75,25.75
BF12AUDT50B,26.75,25.75
BF12AUDW30B,26.75,25.75
BF12AUDW50B,26.75,25.75
BF30AUDT30B,82.50,79.75
BF30AUDT50B,82.50,79.75
BF30AUDW30B,82.50,79.75
BF30AUDW50B,82.50,79.75
BL-CLRD17U-40B,249.00,0
BLHE2-090DUF-40MS,117.00,110
BLHE2-090DUF-50,75.00,68
BLHE2-090DUF-50MS,117.00,110
BLHE2-090DUF-50MS-C,127.00,120
BLHE2-135DUF-40MS,134.00,126
BLHE2-135DUF-50,92.00,84
BLHE2-135DUF-50MS,134.00,126
BLHE2-135DUF-50MS-C,144.00,136
BLHE2-178DUF-40,113.00,102
BLHE2-178DUF-40MS,155.00,144
BLHE2-178DUF-50,113.00,102
BLHE2-178DUF-50MS,155.00,144
BLHE2-178DUF-50MS-C2,170.00,159
BLHE2-223DUF-50,131.00,117
BLHE2-265DUF-40,164.00,145
BLHE2-265DUF-40MS,206.00,187
BLHE2-265DUF-50,164.00,145
BLHE2-265DUF-50MS,206.00,187
BLHE2-321DUF-40,184.00,168
BLHE2-321DUF-40MS,229.00,210
BLHE2-321DUF-50,184.00,168
BLHE2-321DUF-50MS,229.00,210
BLHT4XT8USE4810,42.00,38
BLHT4XT8USE4810C,52.00,48
BLHT4XT8USE4810C12,58.00,53
BLHT6XT8USE4815,52.00,48
BLHT6XT8USE4815C12,63.00,59
BLHT6XT8USE4815C27,74.00,69
BLHT8XT8USE4820,63.00,59
BP35AUT550BPM0,91.00,80
BP45AUT550BPM0,96.00,85
CPL20AUC40B,63.00,61
CPL20AUC40BMS,103.00,101
CPL20AUC40BPC,78.00,76
CPL20AUC50BMS,103.00,101
CPL20AUC50BPC,78.00,76
CPL20AUP40B,63.00,61
CPL20AUP40BMS,103.00,101
CPL20AUP40BPC,78.00,76
CPL20AUP50B,63.00,61
CPL20AUP50BMS,103.00,101
CPL20AUP50BPC,78.00,76
CPL30AUC40B,73.00,70.5
CPL30AUC40BMS,113.00,110.5
CPL30AUC40BPC,88.00,85.5
CPL30AUC50B,73.00,70.5
CPL30AUC50BMS,113.00,110.5
CPL30AUC50BPC,88.00,85.5
CPL30AUP40B,73.00,70.5
CPL30AUP40BMS,113.00,110.5
CPL30AUP50B,73.00,70.5
CPL30AUP50BMS,113.00,110.5
CPL40AUC40B,82.00,79.5
CPL40AUC40BMS,122.00,119.5
CPL40AUC50B,82.00,79.5
CPL40AUC50BPC,97.00,94.5
CPL40AUP40BMS,122.00,119.5
CPL40AUP40BPC,97.00,94.5
CPL40AUP40W,82.00,79.5
CPL40AUP50B,82.00,79.5
CPL40AUP50BPC,97.00,94.5
CPL58AUC40B,103.00,91
CPL58AUC40BMS,143.00,131
CPL58AUC50B,103.00,91
CPL58AUC50BMS,143.00,131
CPL58AUC50BPC,118.00,106
CPL58AUP40BMS,143.00,131
CPL58AUP40BPC,118.00,106
CPL58AUP50B,103.00,91
CPL58AUP50BMS,143.00,131
CPL58AUP50BPC,118.00,106
DDR2L13,9.98,9.25
DDR2L18,11.85,10.95
DDR4L13,14.15,13.05
DDR4L18,16.65,15.35
DL409827WH,8.50,7.5
DL409830WH,8.50,7.5
DL409840WH,8.50,7.5
DL615827WH,9.75,8.5
DL615830WH,9.75,8.5
DL615840WH,9.75,8.5
DR100W/12V,49.00,46
DR150W/12V,65.00,60
DR60W/12V,30.00,28
DTD9A19ND27,2.30,2.1
E11A19ND27/G3,2.20,2.1
E11A19NDV27,2.00,1.85
E11A19NDV30,2.00,1.85
E11A19NDV50,2.00,1.85
E12A19D927/JA8,3.00,2.75
E14A19NDV27,2.25,2
E14A19NDV27/4P,8.90,7.9
E14A19NDV30,2.25,2
E14A19NDV30/4P,8.90,7.9
E14A19NDV30RS,2.25,2
E14A19NDV50,2.25,2
E14A19NDV50/4P,8.90,7.9
E15A19ND27/G3,2.80,2.65
E15A19ND30/G3,2.80,2.65
E6A19NDV27,1.05,1
E6A19NDV30,1.05,1
E6A19NDV50,1.05,1
E9A19GUD927/JA8,2.40,2.1
E9A19ND27/G3,1.45,1.35
E9A19ND30/G3,1.45,1.35
E9A19NDV27,1.05,1
E9A19NDV27/4P,4.25,4.05
E9A19NDV30,1.05,1
E9A19NDV30/4P,4.25,4.05
E9A19NDV30RS,1.05,1
E9A19NDV50,1.05,1
E9A19NDV50/4P,4.25,4.05
ELLF1354M50,583.00,530
ELLF1354M50,583.00,530
ELLF1354M50E,668.00,615
ELLF1354M50E,668.00,615
ELLF1354M50H,583.00,530
ELLF1354M50H,583.00,530
ELLF1354M50HB,583.00,530
ELLF1354M50HB,583.00,530
ELLF1354N50,0.00,400
ELLF1354N50,0.00,400
ELLF1354W50,0.00,400
ELLF1354W50,0.00,400
ELLF1354W50H,0.00,400
ELLF1354W50H,0.00,400
ELLF135DM40,536.00,483
ELLF135DM50,536.00,483
ELLF135DM50,536.00,483
ELLF135DN50,536.00,483
ELLF135DN50,536.00,483
ELLF135DW40,536.00,483
ELLF135DW50,536.00,483
ELLF135DW50,536.00,483
ELLF135UM27,536.00,483
ELLF135UM50,536.00,483
ELLF135UM50,536.00,483
ELLF135UM50AGSH12,850.00,0
ELLF135UM50APS,0.00,0
ELLF135UM50APS,0.00,0
ELLF135UM50E,621.00,568
ELLF135UM50E,621.00,568
ELLF135UM50EG,655.00,617
ELLF135UM50EG,655.00,617
ELLF135UM50H,536.00,483
ELLF135UM50H,536.00,483
ELLF135UN27,536.00,483
ELLF135UN50,536.00,483
ELLF135UN50,536.00,483
ELLF135UN50AGSH12,850.00,0
ELLF135UN50H,536.00,483
ELLF135UN50H,536.00,483
ELLF135UW27,536.00,483
ELLF135UW50,536.00,483
ELLF135UW50,536.00,483
ELLF135UW50AGSH12,850.00,0
ELLF135UW50E,621.00,568
ELLF135UW50E,621.00,568
ELLF135UW50H,536.00,483
ELLF135UW50H,536.00,483
ELLF135UW50HE,621.00,568
ELLF135UW50HE,621.00,568
ELLF135UW50HGSH12,850.00,0
ELLF1804M50,607.95,552.64
ELLF1804M50,607.95,552.64
ELLF1804M50H,607.95,552.64
ELLF1804M50H,607.95,552.64
ELLF1804M50HL,607.95,552.64
ELLF1804M50HL,607.95,552.64
ELLF1804N50AGSH12,850.00,0
ELLF1804N50H,607.95,552.64
ELLF1804N50H,607.95,552.64
ELLF1804W50,607.95,552.64
ELLF1804W50,607.95,552.64
ELLF1804W50AGSH12,850.00,0
ELLF1804W50E,679.35,623.04
ELLF1804W50E,679.35,623.04
ELLF1804W50HE,679.35,623.04
ELLF1804W50HE,679.35,623.04
ELLF180DM27,562.80,508.64
ELLF180DM50,562.80,508.64
ELLF180DM50,562.80,508.64
ELLF180DM50E,634.20,579.04
ELLF180DM50E,634.20,579.04
ELLF180DM50H,562.80,508.64
ELLF180DM50H,562.80,508.64
ELLF180DM50HE,634.20,579.04
ELLF180DM50HE,634.20,579.04
ELLF180DN50,562.80,508.64
ELLF180DN50,562.80,508.64
ELLF180DN50E,634.20,579.04
ELLF180DN50E,634.20,579.04
ELLF180DN50H,562.80,508.64
ELLF180DN50H,562.80,508.64
ELLF180DW50,562.80,508.64
ELLF180DW50,562.80,508.64
ELLF180DW50E,634.20,579.04
ELLF180DW50E,634.20,579.04
ELLF180DW50H,562.80,508.64
ELLF180DW50H,562.80,508.64
ELLF180DW50HE,634.20,579.04
ELLF180DW50HE,634.20,579.04
ELLF180UM50,631.00,578
ELLF180UM50,631.00,578
ELLF180UM50H,631.00,578
ELLF180UM50H,631.00,578
ELLF180UN50,631.00,578
ELLF180UN50,631.00,578
ELLF180UW50,631.00,578
ELLF180UW50,631.00,578
ELLF180UW50H,631.00,578
ELLF180UW50H,631.00,578
ELLF2704C50H,1007.00,954
ELLF2704C50H,1007.00,954
ELLF2704M50,1007.00,954
ELLF2704M50,1007.00,954
ELLF2704M50B,0.00,750
ELLF2704M50B,0.00,750
ELLF2704M50E,1092.00,1039
ELLF2704M50E,1092.00,1039
ELLF2704M50H,1007.00,954
ELLF2704M50H,1007.00,954
ELLF2704N50,1007.00,954
ELLF2704N50,1007.00,954
ELLF2704N50H,1007.00,954
ELLF2704N50H,1007.00,954
ELLF2704W50,1007.00,954
ELLF2704W50,1007.00,954
ELLF2704W50H,0.00,825
ELLF2704W50H,0.00,825
ELLF270DM40,0.00,500
ELLF270DN27,960.00,907
ELLF270DW27,960.00,907
ELLF270DW40,960.00,907
ELLF270UC50E,1045.00,992
ELLF270UC50E,1045.00,992
ELLF270UC50H,960.00,907
ELLF270UC50H,960.00,907
ELLF270UC50HB,960.00,907
ELLF270UC50HB,960.00,907
ELLF270UM50,960.00,907
ELLF270UM50,960.00,907
ELLF270UM50AGSH12,1000.00,0
ELLF270UM50E,1045.00,992
ELLF270UM50E,1045.00,992
ELLF270UM50H,960.00,907
ELLF270UM50H,960.00,907
ELLF270UM50HE,1045.00,992
ELLF270UM50HE,1045.00,992
ELLF270UM50HF,1161.00,1050
ELLF270UM50HF,1161.00,1050
ELLF270UN50,960.00,907
ELLF270UN50,960.00,907
ELLF270UN50AGSH12,1000.00,0
ELLF270UN50H,960.00,907
ELLF270UN50H,960.00,907
ELLF270UN50HE,1045.00,992
ELLF270UN50HE,1045.00,992
ELLF270UN50HGSH12,1000.00,0
ELLF270UW50,960.00,907
ELLF270UW50,960.00,907
ELLF270UW50AGSH12,1000.00,0
ELLF270UW50E,1045.00,992
ELLF270UW50E,1045.00,992
ELLF270UW50H,0.00,750
ELLF270UW50H,0.00,750
ELLF270UW50HB,960.00,907
ELLF270UW50HB,960.00,907
ELLF270UW50HGSH12,1000.00,0
ELLF270UWN50AGSH12,1000.00,0
ELLF3604M50,985.95,925.76
ELLF3604M50,985.95,925.76
ELLF3604M50H,985.95,925.76
ELLF3604M50H,985.95,925.76
ELLF3604N50,985.95,925.76
ELLF3604N50,985.95,925.76
ELLF3604N50HE,1057.35,996.16
ELLF3604N50HE,1057.35,996.16
ELLF3604W40,985.95,925.76
ELLF3604W50,985.95,925.76
ELLF3604W50,985.95,925.76
ELLF3604W50AGSH12,1000.00,0
ELLF3604W50H,985.95,925.76
ELLF3604W50H,985.95,925.76
ELLF3604W50HE,1057.35,996.16
ELLF3604W50HE,1057.35,996.16
ELLF360DC50,1055.00,1002
ELLF360DC50,1055.00,1002
ELLF360DC50H,1055.00,1002
ELLF360DC50H,1055.00,1002
ELLF360DM50,941.85,881.76
ELLF360DM50,941.85,881.76
ELLF360DM50E,1013.25,952.16
ELLF360DM50E,1013.25,952.16
ELLF360DM50H,941.85,881.76
ELLF360DM50H,941.85,881.76
ELLF360DM50HE,1013.25,952.16
ELLF360DM50HE,1013.25,952.16
ELLF360DN50,941.85,881.76
ELLF360DN50,941.85,881.76
ELLF360DN50H,941.85,881.76
ELLF360DN50H,941.85,881.76
ELLF360DNM50,941.00,0
ELLF360DNM50,941.00,0
ELLF360DW27,1055.00,1002
ELLF360DW50,941.85,881.76
ELLF360DW50,941.85,881.76
ELLF360DW50E,1013.25,952.16
ELLF360DW50E,1013.25,952.16
ELLF360DW50H,941.85,881.76
ELLF360DW50H,941.85,881.76
ELLF360DW50HE,1013.25,952.16
ELLF360DW50HE,1013.25,952.16
ELLF360UDN50H,991.20,930.16
ELLF360UDN50H,991.20,930.16
ELLF360UM50,1055.00,1002
ELLF360UM50,1055.00,1002
ELLF360UN50,1055.00,1002
ELLF360UN50,1055.00,1002
ELLF4054C50,1537.00,1484
ELLF4054C50,1537.00,1484
ELLF4054C50H,1537.00,1484
ELLF4054C50H,1537.00,1484
ELLF4054M50,0.00,1250
ELLF4054M50,0.00,1250
ELLF4054M50H,1537.00,1484
ELLF4054M50H,1537.00,1484
ELLF4054M50HE,1622.00,1569
ELLF4054M50HE,1622.00,1569
ELLF4054N50,1537.00,1484
ELLF4054N50,1537.00,1484
ELLF4054N50H,1537.00,1484
ELLF4054N50H,1537.00,1484
ELLF4054W50,1537.00,1484
ELLF4054W50,1537.00,1484
ELLF4054W50E,1622.00,1569
ELLF4054W50E,1622.00,1569
ELLF4054W50FS,1977.00,1787
ELLF4054W50FS,1977.00,1787
ELLF4054W50H,0.00,1250
ELLF4054W50H,0.00,1250
ELLF4054W50HE,1622.00,1569
ELLF4054W50HE,1622.00,1569
ELLF405DM40,1490.00,1437
ELLF405DN40,1490.00,1437
ELLF405UC27,1490.00,1437
ELLF405UC50,1490.00,1437
ELLF405UC50,1490.00,1437
ELLF405UC50AGSH12,1500.00,0
ELLF405UC50H,1490.00,1437
ELLF405UC50H,1490.00,1437
ELLF405UM50,0.00,1250
ELLF405UM50,0.00,1250
ELLF405UM50AGSH12,1500.00,0
ELLF405UM50E,1575.00,1522
ELLF405UM50E,1575.00,1522
ELLF405UM50H,1490.00,1437
ELLF405UM50H,1490.00,1437
ELLF405UN22,1490.00,1437
ELLF405UN50,1490.00,1437
ELLF405UN50,1490.00,1437
ELLF405UN50AGSH12,1500.00,0
ELLF405UN50H,1490.00,1437
ELLF405UN50H,1490.00,1437
ELLF405UW50,1490.00,1437
ELLF405UW50,1490.00,1437
ELLF405UW50AGSH12,1500.00,0
ELLF405UW50E,1575.00,1522
ELLF405UW50E,1575.00,1522
ELLF405UW50H,1490.00,1437
ELLF405UW50H,1490.00,1437
ELLF405UW50HE,1575.00,1522
ELLF405UW50HE,1575.00,1522
ELLF5404M50,1459.50,1392.16
ELLF5404M50,1459.50,1392.16
ELLF5404M50H,1514.00,1447
ELLF5404M50H,1514.00,1447
ELLF5404N50,1459.50,1392.16
ELLF5404N50,1459.50,1392.16
ELLF5404N50H,1459.50,1392.16
ELLF5404N50H,1459.50,1392.16
ELLF5404W50,1459.50,1392.16
ELLF5404W50,1459.50,1392.16
ELLF5404W50AGSH12,1500.00,0
ELLF5404W50E,1530.90,1462.56
ELLF5404W50E,1530.90,1462.56
ELLF5404W50H,1459.50,1392.16
ELLF5404W50H,1459.50,1392.16
ELLF5404W50HE,1530.90,1462.56
ELLF5404W50HE,1530.90,1462.56
ELLF540DC50,1585.00,1532
ELLF540DC50,1585.00,1532
ELLF540DC50NNM,1414.35,1348.16
ELLF540DC50NNM,1414.35,1348.16
ELLF540DM22,1585.00,1532
ELLF540DM50,1414.35,1348.16
ELLF540DM50,1414.35,1348.16
ELLF540DM50E,1494.35,1428.16
ELLF540DM50E,1494.35,1428.16
ELLF540DM50H,1414.35,1348.16
ELLF540DM50H,1414.35,1348.16
ELLF540DM50HE,1665.00,1612
ELLF540DM50HE,1665.00,1612
ELLF540DN22,1585.00,1532
ELLF540DN50,1414.35,1348.16
ELLF540DN50,1414.35,1348.16
ELLF540DN50CD10,1414.35,1348.16
ELLF540DN50CD10,1414.35,1348.16
ELLF540DN50E,1485.75,1418.56
ELLF540DN50E,1485.75,1418.56
ELLF540DN50H,1414.35,1348.16
ELLF540DN50H,1414.35,1348.16
ELLF540DN50HWMN,1414.35,1348.16
ELLF540DN50HWMN,1414.35,1348.16
ELLF540DNNM50H,1414.35,1348.16
ELLF540DNNM50H,1414.35,1348.16
ELLF540DW22,1414.35,1348.16
ELLF540DW50,1414.35,1348.16
ELLF540DW50,1414.35,1348.16
ELLF540DW50E,1485.75,1418.56
ELLF540DW50E,1485.75,1418.56
ELLF540DW50H,1414.35,1348.16
ELLF540DW50H,1414.35,1348.16
ELLF540DW50HE,1485.75,1418.56
ELLF540DW50HE,1485.75,1418.56
ELLF540UC50,1585.00,1532
ELLF540UC50,1585.00,1532
ELLF540UC50H,1585.00,1532
ELLF540UC50H,1585.00,1532
ELLF540UDN50H,1640.00,1587
ELLF540UDN50H,1640.00,1587
ELLF540UM40,1585.00,1532
ELLF540UM50,1585.00,1532
ELLF540UM50,1585.00,1532
ELLF540UM50H,1585.00,1532
ELLF540UM50H,1585.00,1532
ELLF540UN50,1585.00,1532
ELLF540UN50,1585.00,1532
ELLF540UN50H,1585.00,1532
ELLF540UN50H,1585.00,1532
ELLF540UW50,1585.00,1532
ELLF540UW50,1585.00,1532
ELLF540UW50H,1585.00,1532
ELLF540UW50H,1585.00,1532
F2S14ND27,1.35,1.25
F4B10D27,1.75,1.5
F4B10D27/3P/WS,5.80,5.35
F4B10D927/JA8,2.60,2.4
F4BA10D27,2.10,1.95
F4T10DLED927/JA8,3.20,2.95
F7A19DLED27/G3,3.70,3.45
F7G25D27,3.90,3.6
F7ST19DLED927/JA8,5.30,4.5
F8.5A19D927/JA8,4.80,4.45
FF2S14ND27,1.35,1.25
FF4B10D927,2.60,2.4
FLS15U40B/G2,40.00,31
FLS15U40BN/G2,40.00,31
FLS15U50B/G2,40.00,31
FLS15U50BN/G2,40.00,31
FLS15U50BPC/G2,40.00,31
FLS20U40B/G2,45.00,35
FLS20U40BN/G2,45.00,35
FLS20U50B/G2,45.00,35
FLS20U50BN/G2,45.00,35
FLS40U40BNP1/G2,63.00,59
FLS40U40BP1/G2,63.00,59
FLS40U50BNP1/G2,63.00,59
FLS40U50BP1/G2,63.00,59
FLS40U50BPCP1/G2,98.00,89
FLS50U40BNP1/G2,73.00,69
FLS50U40BP1/G2,73.00,69
FLS50U50BNP1/G2,73.00,69
FLS50U50BP1/G2,73.00,69
FLS50U50BPCP1/G2,130.00,121
FML120UW-40BSKRPC,199.00,189
FML120UW-40BTSRPC,199.00,189
FML120UW-50BSKRPC,199.00,189
FML120UW-50BTSRPC,199.00,189
FMM50UW-50BKTPC,116.00,110
FMM50UW-50BTSPC,116.00,110
FMM80UW-50BKTPC,147.00,139
FMS20UW-50BKTPC,73.00,69
FMS30UW-50BKTPC,78.00,74
FMX200UW-50BSKRPC,289.00,275
FMX200UW-50BTSRPC,289.00,275
FMX310UW-50BSKRPC,435.00,415
FMX310UW-50BTSRPC,435.00,415
FRK17X4-940/V3,11.25,10.25
FRK17X4-940/V3,11.25,10.25
FSP-211,59.00,52
G24QA01,1.95,1.79
HL-090HF-50,165.00,152
HL-090UF-40C1MSO,188.00,180
HL-090UF-40MSO,173.00,160
HL-090UF-50,134.00,124
HL-090UF-50MSO,173.00,160
HL-130HF-40,190.00,175
HL-130HF-50,190.00,175
HL-130UF-40,164.00,152
HL-130UF-40MSO,205.00,189
HL-130UF-50,164.00,152
HL-130UF-50C1,174.00,167
HL-130UF-50EM,426.00,393
HL-130UF-50MSO,205.00,189
HL-130UF-50MSV,223.00,211
HL-160HF-40,199.00,184
HL-160HF-50,210.00,194
HL-160HF-50MSV,254.00,234
HL-160UF-40C2,198.00,183
HL-160UF-40MSO,215.00,201
HL-160UF-50,179.00,165
HL-160UF-50C2,194.00,180
HL-160UF-50C2MSO,230.00,216
HL-160UF-50MSV,238.00,224
HL-185HF-40,228.00,210
HL-185HF-50,228.00,210
HL-185UF-40,196.00,181
HL-185UF-40C,206.00,191
HL-185UF-40CMSO,243.00,225
HL-185UF-40EMC,468.00,432
HL-185UF-40MSO,233.00,215
HL-185UF-50,196.00,181
HL-185UF-50EM,458.00,422
HL-185UF-50MSO,233.00,215
HL-185UF-50MSV,255.00,240
HL-AR100UW-50G,500.00,450
HL-AR100UW-50G-D1,1000.00,875
HL-AR150UW-50G-D1,1000.00,950
HL-AR80UW-50G-D1,950.00,825
HL-LB23U-50,325.00,300
HL-LI2440U,398.00,334
HL-LI2440UP-D1,650.00,0
HL-LI4880U,573.00,467
HL-LI4880UP-D1,850.00,0
HLLITB,60.00,0
HLR110UW50PCG,548.00,506
HLR110UW50XCG,548.00,506
HLR140UW50PCG,688.00,635
HLSC250,20.00,18
HP-090UF-40,162.00,149
HP-090UF-40C1,180.00,166
HP-090UF-40C1MSO,202.00,192
HP-090UF-40EM,453.00,418
HP-090UF-40MSV,232.00,214
HP-090UF-50,162.00,149
HP-090UF-50C1,180.00,166
HP-090UF-50C2,180.00,166
HP-090UF-50EM,453.00,418
HP-090UF-50MSC,165.00,152
HP-090UF-50MSO,236.00,220
HP-130HF-40,191.00,176
HP-130HF-50,191.00,176
HP-130U-40,194.00,179
HP-130UF-40,188.00,173
HP-130UF-40C,198.00,183
HP-130UF-40C1MSO,239.00,224
HP-130UF-40C2,200.00,185
HP-130UF-40EMMSV,503.00,464
HP-130UF-40MSO,224.00,209
HP-130UF-50,183.00,168
HP-130UF-50C,199.00,184
HP-130UF-50C1,186.00,172
HP-130UF-50EM,474.00,438
HP-130UF-50MSC,249.00,230
HP-130UF-50MSO,228.00,210
HP-130UF-50MSV,251.00,231
HP-160HF-50,201.00,185
HP-160HF-50C4,214.00,197
HP-160HF-50MSV,296.00,273
HP-160U-40,209.00,193
HP-160UF-40,203.00,188
HP-160UF-40C1,216.00,199
HP-160UF-40C2,215.00,199
HP-160UF-40EM,489.00,452
HP-160UF-40EMC2,492.00,454
HP-160UF-40MSC,273.00,252
HP-160UF-40MSO,240.00,222
HP-160UF-50,203.00,188
HP-160UF-50C1,201.00,185
HP-160UF-50C1MSV,257.00,237
HP-160UF-50C2,204.00,188
HP-160UF-50C2MSO,257.00,237
HP-160UF-50EM,489.00,452
HP-160UF-50MSC,276.00,255
HP-160UF-50MSO,201.00,185
HP-160UF-50MSV,267.00,246
HP-185HF-40,218.00,202
HP-185HF-50,218.00,202
HP-185HF-50C4,228.00,210
HP-185U-50C1,218.00,202
HP-185U-50C2,218.00,202
HP-185U-50MSO,246.00,227
HP-185UF-40,221.00,204
HP-185UF-40C1,233.00,215
HP-185UF-40C2,233.00,215
HP-185UF-40EM,507.00,468
HP-185UF-40EMC2,509.00,470
HP-185UF-40MSO,262.00,241
HP-185UF-50,221.00,204
HP-185UF-50C1,233.00,215
HP-185UF-50C1MSV,294.00,276
HP-185UF-50C2,233.00,215
HP-185UF-50C2MSO,277.00,264
HP-185UF-50C2MSV,274.00,253
HP-185UF-50EM,481.00,451
HP-185UF-50EMC2MSV,539.00,497
HP-185UF-50MSV,285.00,265
JJC12001,22.00,20
JJC12001,22.00,20
JJW12001,24.00,22
JJW12001,24.00,22
L10.5T8SE435-CG,5.85,5.4
L10.5T8SE440-CG,5.85,5.4
L10.5T8SE450-CG,5.85,5.4
L11.5T8DE435-CG4,6.85,6.5
L11.5T8DE440-CG4,6.85,6.5
L11.5T8DE450-CG4,6.85,6.5
L11.5T8EX435DDR1L11,13.21,12.19
L11.5T8EX435DDR2L11,20.03,18.49
L11.5T8EX435DDR3L11,26.80,24.74
L11.5T8EX435DDR4L11,36.00,33
L11.5T8EX440DDR1L11,13.21,12.19
L11.5T8EX440DDR2L11,20.03,18.49
L11.5T8EX440DDR3L11,26.80,24.74
L11.5T8EX440DDR4L11,36.00,33
L11.5T8EX450DDR1L11,13.21,12.19
L11.5T8EX450DDR2L11,20.03,18.49
L11.5T8EX450DDR3L11,26.80,24.74
L11.5T8EX450DDR4L11,36.00,33
L11T8AB335-CG,7.45,6.9
L11T8AB340-CG,7.45,6.9
L11T8AB350-CG,7.45,6.9
L12.5T8SE435-CG,5.10,4.8
L12.5T8SE440-CG,5.10,4.8
L12.5T8SE440-CG10,7.70,7
L12.5T8SE450-CG,5.10,4.8
L12T5SE235-CG,7.95,7.35
L12T5SE240-CG,7.95,7.35
L12T5SE250-CG,7.95,7.35
L12T8DE335-CG4,6.00,5.75
L12T8DE340-CG4,6.00,5.75
L12T8DE350-CG4,6.00,5.75
L12T8SE340-CG,5.50,5
L13T5SE435-CG,8.35,7.75
L13T5SE440-CG,8.35,7.75
L13T5SE450-CG,8.35,7.75
L13T8DF435-CG5,5.27,4.93
L13T8DF440-CG5,5.27,4.93
L13T8DF450-CG5,5.27,4.93
L13T8EX435,6.50,6.25
L13T8EX440,6.50,6.25
L13T8EX450,6.50,6.25
L13T8SE435-GB,4.75,4.5
L13T8SE440-GB,4.75,4.5
L13T8SE450-GB,4.75,4.5
L14.5T8SED435-CG,9.42,8.75
L14.5T8SED440-CG,9.42,8.75
L14.5T8SED450-CG,9.42,8.75
L14T8DE435-G,5.25,5
L14T8DE440-G,5.25,5
L14T8DE450-G,5.25,5
L14T8DF335-CG4,6.35,5.8
L14T8DF340-CG4,6.35,5.8
L14T8DF350-CG4,6.35,5.8
L14T8DF440-GA,5.25,5.04
L15T8SE465-G,4.75,4.5
L16.5T8SE440-CG,6.10,5.65
L16.5T8SE450-CG,6.10,5.65
L16.5T8SE450-CG10,8.25,7.4
L16T5SE335-CG,8.75,7.95
L16T5SE340-CG,8.75,7.95
L16T5SE350-CG,8.75,7.95
L17T8DE435-G,5.75,5.5
L17T8DE440-G,5.75,5.5
L17T8DE450-G,5.75,5.5
L18T8EX435,7.95,7.35
L18T8EX440,7.95,7.35
L18T8EX450,7.95,7.35
L18T8SE415,13.78,13.25
L18T8SE415,13.78,13.25
L18T8SE435-CG4,6.35,5.95
L19T8SE540-G,10.15,9.3
L25T5DF435-CG5,8.30,7.7
L25T5DF440-CG5,8.30,7.7
L25T5DF450-CG5,8.30,7.7
L25T5SE435-CG,9.50,8.75
L25T5SE440-CG,9.50,8.75
L25T5SE450-CG,9.50,8.75
L30T8SE640-G,11.25,10.25
L42T8DEFA835-CG,13.80,12.75
L42T8DEFA840-CG,13.80,12.75
L42T8DEFA850-CG,13.80,12.75
L42T8DER17D835-CG,13.80,12.75
L42T8DER17D840-CG,13.80,12.75
L42T8DER17D850-CG,13.80,12.75
L9.5T8DF435-CG,6.89,6.57
L9.5T8DF440-CG,6.89,6.57
L9.5T8DF450-CG,6.89,6.57
L9T8AB235-CG,7.15,6.6
L9T8AB240-CG,7.15,6.6
L9T8AB250-CG,7.15,6.6
L9T8DE235-CG4,5.75,5.25
L9T8DE240-CG4,5.75,5.25
L9T8DE250-CG4,5.75,5.25
L9T8DF240-CG4,5.95,5.55
L9T8DF250-CG4,5.95,5.55
L9T8SE235-G,5.50,5
L9T8SE240-G,5.50,5
L9T8SE250-G,5.50,5
LB0627,9.00,7.5
LB0650,9.00,7.5
LB1227,12.00,10.75
LB1235,12.00,10.75
LB1250,12.00,10.75
LB2427,24.00,21.5
LB2435,24.00,21.5
LB2450,24.00,21.5
LB3627,36.00,32
LB3635,36.00,32
LB3650,36.00,32
LB4827,48.00,43
LB4835,48.00,43
LB4850,48.00,43
LER2.2A0830C,8.06,7.42
LF-4836U-40,56.00,52
LF-4836U-40EM,218.00,202
LF-4849U-40,76.00,71
LF-4849U-40EM,251.00,233
LRK22D3035,51.00,47
LRK22D3035EM,131.00,127
LRK22D3041EM,131.00,127
LRK24D4035,76.00,70
LRK24D4035EM,155.00,150
LRK24D4041,76.00,70
LRK24D4041EM,155.00,150
LRK24D4050,76.00,70
LRK24D4050EM,155.00,150
LS-4835U-40,46.00,43
LS-4835U-40MS,72.00,66
LS-4835U-50,46.00,43
LS-4835U-50MS,72.00,66
LS-4846U-40,56.00,51
LS-4846U-40MS,80.00,74
LS-4846U-50,56.00,51
LS-4846U-50MS,80.00,74
LSP9605UU55DV35,200.00,180
LSP9605UU55DV50,180.00,160
LSP9605UU55DV50EM,348.00,327
LSP9605UU55DV50MSC,283.00,262
LSP9605UU55DV50MSV,280.00,259
LSP9605UU80DV35MSVEM,392.00,372
LSS1XT8USE4802,11.13,9.01
LSS2XT8USE4803,12.72,10.6
LSU2U2540,41.00,38
LSU2U2540EM,116.00,113
LSU2U2540EMMSV,173.00,170
LSU2U2540MS,109.00,106
LSU2U2540MSO,83.00,80
LSU2U2540MSV,85.00,82
LSU2U2550EM,116.00,113
LSU2XT8USE4806,23.85,20.94
LSU3XT8USE4806,23.85,20.94
LSU432540,75.00,70
LSU433540,82.00,77
LSU4U2540,57.00,52
LSU4U2540EM,132.00,127
LSU4U2540EMMS,188.00,183
LSU4U2540EMMSV,189.00,184
LSU4U2540MS,125.00,120
LSU4U2540MSO,99.00,94
LSU4U2540MSV,101.00,96
LSU4U2550,57.00,52
LSU4U2550EM,132.00,127
LSU4U2550MSV,101.00,96
LSU4U3540,64.00,59
LSU4U3540EM,139.00,134
LSU4U3540EMMS,195.00,190
LSU4U3540MS,132.00,127
LSU4U3540MSO,106.00,101
LSU4U3550,64.00,59
LSU4U3550EM,139.00,134
LSU4U4540,69.00,64
LSU4U4540EM,144.00,139
LSU4U4540EMMS,192.00,177
LSU4U4540MS,137.00,132
LSU4U4550,69.00,64
LSU4U4550EM,144.00,139
LSU4XT8USE4812,41.00,38
LSUECO-4DU4040,44.00,42
LSV2U2540,53.00,48
LSV2U2540,53.00,48
LSV2U2540EM,115.00,110
LSV2U2540EM,115.00,110
LSV2U2540MS,121.00,116
LSV2U2540MS,121.00,116
LSV2U2550,53.00,48
LSV2U2550,53.00,48
LSV2U2550EM,115.00,110
LSV2U2550EM,115.00,110
LSV2XT8USE4806,31.00,28
LSV3XT8USE4806,33.00,30
LSV432540,83.00,78
LSV432540,83.00,78
LSV4U2540,65.00,60
LSV4U2540,65.00,60
LSV4U2540EM,129.00,118
LSV4U2540EM,129.00,118
LSV4U2540EMMSO,171.00,160
LSV4U2540EMMSO,171.00,160
LSV4U2540EMMSV,166.00,161
LSV4U2540EMMSV,166.00,161
LSV4U2540MS,133.00,128
LSV4U2540MS,133.00,128
LSV4U2540MSO,107.00,102
LSV4U2540MSO,107.00,102
LSV4U2550,65.00,60
LSV4U2550,65.00,60
LSV4U2550EM,127.00,122
LSV4U2550EM,127.00,122
LSV4U2550MSO,107.00,102
LSV4U2550MSO,107.00,102
LSV4U2550MSV,110.00,105
LSV4U2550MSV,110.00,105
LSV4U3540,70.00,64
LSV4U3540,70.00,64
LSV4U3540EM,132.00,126
LSV4U3540EM,132.00,126
LSV4U3540EMMS,187.00,181
LSV4U3540EMMS,187.00,181
LSV4U3540MS,138.00,132
LSV4U3540MS,138.00,132
LSV4U3540MSO,112.00,106
LSV4U3540MSO,112.00,106
LSV4U3540MSV,115.00,109
LSV4U3540MSV,115.00,109
LSV4U3550,70.00,64
LSV4U3550,70.00,64
LSV4U3550EM,132.00,126
LSV4U3550EM,132.00,126
LSV4U3550MSO,112.00,106
LSV4U3550MSO,112.00,106
LSV4U3550MSV,115.00,109
LSV4U3550MSV,115.00,109
LSV4U4540,77.00,70
LSV4U4540,77.00,70
LSV4U4540EM,139.00,132
LSV4U4540EM,139.00,132
LSV4U4540MSO,119.00,112
LSV4U4540MSO,119.00,112
LSV4U4540MSV,122.00,115
LSV4U4540MSV,122.00,115
LSV4U4550,77.00,70
LSV4U4550,77.00,70
LSV4U4550EM,139.00,129
LSV4U4550EM,139.00,129
LSV4U4550EMMS,194.00,187
LSV4U4550EMMS,194.00,187
LSV4U4550EMMSO,181.00,174
LSV4U4550EMMSO,181.00,174
LSV4U4550MS,145.00,138
LSV4U4550MS,145.00,138
LSV4U4550MSO,119.00,112
LSV4U4550MSO,119.00,112
LSV4U4550MSV,122.00,115
LSV4U4550MSV,122.00,115
LSVECO-4DU4040,49.00,45
LSVECO-4DU4040,49.00,45
LSVECO-4DU4050,49.00,45
LSVECO-4DU4050,49.00,45
ML1E242DARBK27-V2,36.00,26
ML1E242DARNI27-V2,36.00,32.5
ML2E242TRNI27-V2,26.50,24
ML2E242TRWH27-V2,26.50,16.5
ML2L11SLNI1230,22.00,21
ML2L11SLWH1230,22.00,21
ML2L13SLNI1530,30.00,26.5
ML2L13SLWH1530,30.00,26.5
ML2L15SLNI2430,34.00,31
ML2L15SLWH2430,34.00,31
ML2LALABN24830,34.00,32
ML2LALPWH24830,25.50,23.5
ML2LAMABN22830,27.00,25
ML2LAMPWH18827,20.00,19
ML4E121PLBK27,16.25,14.75
ML4LE109SPLBK2,14.50,13.25
ML4LE171RLBK27MSC-V3,26.50,23
ML4LS10MCLBK827,25.00,23
ML4LS12SRLBK827,22.50,21
ML4LS14SOLB,20.50,19.25
ML4LS14SOLBPC,16.50,15
ML8E303TUBZ27,41.00,37.5
ML8E303TUNI27-V2,41.00,37.5
ML8E303TUWH27-V2,41.00,27.5
ML8LAFBN23827,38.50,35
ML8LARBN30830,37.50,34
ML9E101CCBZ27-V2,15.75,14.25
ML9E101CCNI27-V2,15.75,14.25
ML9E101CCWH27-V2,15.75,10
ML9LA17LCNBNI927,37.00,34.5
ML9LA23LCNBNI927,49.00,46
ML9LAFBN09827,24.00,22.5
ML9LARBN23830,31.00,28
MLFP14DI3635I,96.00,85
MLFP14DI3640ICL,96.00,85
MLFP14EP2035,49.00,46
MLFP14EP3035,44.00,40
MLFP14EP3035EM,119.00,115
MLFP14EP3041,44.00,40
MLFP14EP3041EM,119.00,115
MLFP14EP3050,44.00,40
MLFP14EP3050EM,119.00,115
MLFP14EP3541,48.00,44
MLFP14EP3541EM,123.00,119
MLFP14EP3541MS,93.00,89
MLFP14EP4040/V3,43.00,39
MLFP22EP2035,41.00,38
MLFP22EP2035EM,116.00,113
MLFP22EP2035MS,86.00,83
MLFP22EP2040,41.00,38
MLFP22EP2040EM,116.00,113
MLFP22EP2040MS,86.00,83
MLFP22EP2050,43.00,40
MLFP22EP2050EM,118.00,115
MLFP22EP2050MS,88.00,85
MLFP22EP3035,31.00,29.5
MLFP22EP3035EM,106.00,104.5
MLFP22EP3041,31.00,29.5
MLFP22EP3041EM,106.00,104.5
MLFP22EP3041MS,76.00,74.5
MLFP22EP3050,31.00,29.5
MLFP22EP3050EM,106.00,104.5
MLFP22EP3535,44.00,41
MLFP22EP3535EM,119.00,116
MLFP22EP3535MS,89.00,86
MLFP22EP3541,44.00,41
MLFP22EP3541EM,119.00,116
MLFP22EP3541MS,89.00,86
MLFP22EP3550,44.00,41
MLFP22EP3550EM,119.00,116
MLFP22EP3550MS,89.00,86
MLFP22EP5040/V3,36.00,34
MLFP24EP3035,71.00,66
MLFP24EP3035EM,146.00,141
MLFP24EP3035MS,116.00,111
MLFP24EP3040,71.00,66
MLFP24EP3040EM,146.00,141
MLFP24EP3040MS,116.00,111
MLFP24EP3050,72.00,67
MLFP24EP3050EM,147.00,142
MLFP24EP3050MS,117.00,112
MLFP24EP4035,49.50,47
MLFP24EP4035EM,124.50,122
MLFP24EP4040H,52.50,50
MLFP24EP4041,49.50,47
MLFP24EP4041EM,124.50,122
MLFP24EP4050,49.50,47
MLFP24EP4050EM,124.50,122
MLFP24EP4835,73.00,68
MLFP24EP4835EM,148.00,143
MLFP24EP4835MS,118.00,113
MLFP24EP4841,73.00,68
MLFP24EP4841EM,148.00,143
MLFP24EP4841MS,118.00,113
MLFP24EP4850,73.00,68
MLFP24EP4850EM,148.00,143
MLFP24EP4850EMMS,193.00,188
MLFP24EP4850MS,118.00,113
MLFP24EP6040/V3,61.00,57
MLIT22D2535,96.00,86
MLIT22D2535EM,175.00,166
MLIT22D2540,96.00,86
MLIT22D2540EM,175.00,166
MLIT24D3235,133.00,119
MLIT24D3235EM,212.00,199
MLIT24D3240,133.00,119
MLIT24D3240EM,212.00,199
MLIT24D3240MS,181.00,167
MLRP24E4035D,85.00,75
MLRP24E4035I,96.00,85
MLRP24E4040I,96.00,85
MLRT22D3240,47.00,43
MLRT24D4240,63.00,59
MLVT14D2040/SB,63.00,59
MLVT14D4035/SBEM,132.00,129
MLVT14D4035/SBMS,102.00,99
MLVT14D4040/SB,57.00,54
MLVT14D4040/SBEM,132.00,129
MLVT14D4040/SBMS,102.00,99
MLVT22D2035/SB,48.00,45
MLVT22D2035/SBEM,123.00,120
MLVT22D2035/SBMS,93.00,90
MLVT22D2040/SB,48.00,45
MLVT22D2040/SBEM,123.00,120
MLVT22D2040/SBEMMS,168.00,165
MLVT22D2040/SBMS,93.00,90
MLVT22D3635/SB,45.00,43
MLVT22D3635/SBEM,120.00,118
MLVT22D3635/SBMS,90.00,88
MLVT22D3640/SB,45.00,43
MLVT22D3640/SBEM,120.00,118
MLVT22D3640/SBMS,90.00,88
MLVT24D3035/SB,67.00,64
MLVT24D3035/SBEM,142.00,139
MLVT24D3035/SBMS,112.00,109
MLVT24D3040/SB,67.00,64
MLVT24D3040/SBEM,142.00,139
MLVT24D3040/SBMS,112.00,109
MLVT24D4535/SB,66.00,62
MLVT24D4535/SBEM,141.00,137
MLVT24D4535/SBMS,111.00,107
MLVT24D4540/SB,66.00,62
MLVT24D4540/SBEM,141.00,137
MLVT24D4540/SBMS,111.00,107
MP-AR100HT3-40B,318.00,293
MP-AR100HT3-40BRPC,348.00,323
MP-AR100HT3-50B,318.00,293
MP-AR100HT3-50BMS,373.00,348
MP-AR100HT4-40B,318.00,293
MP-AR100HT5-40B,318.00,293
MP-AR100HT5-50B,318.00,293
MP-AR100UT2-40B,268.00,243
MP-AR100UT3-30B,268.00,243
MP-AR100UT3-40B,268.00,243
MP-AR100UT3-40S,268.00,243
MP-AR100UT3-50B,268.00,243
MP-AR100UT3-50BMS,323.00,298
MP-AR100UT3-50S,268.00,243
MP-AR100UT4-40B,268.00,243
MP-AR100UT4-50B,268.00,243
MP-AR100UT4-50BRPC,298.00,273
MP-AR100UT4-50S,268.00,243
MP-AR100UT4-50SRPC,298.00,273
MP-AR100UT5-30B,268.00,243
MP-AR100UT5-40B,268.00,243
MP-AR100UT5-40S,268.00,243
MP-AR100UT5-50B,268.00,243
MP-AR100UT5-50S,268.00,243
MP-AR150HT3-40B,416.00,385
MP-AR150HT3-50B,416.00,385
MP-AR150HT3-50S,416.00,385
MP-AR150HT4-40BRPC,446.00,415
MP-AR150HT4-50B,416.00,385
MP-AR150HT5-40B,416.00,385
MP-AR150HT5-40BRPC,396.00,365
MP-AR150HT5-50BRPC,416.00,385
MP-AR150HT5-50S,416.00,385
MP-AR150UT2-40B,366.00,335
MP-AR150UT3-40B,366.00,335
MP-AR150UT3-40B-RPC,396.00,365
MP-AR150UT3-40S,366.00,335
MP-AR150UT3-50B,366.00,335
MP-AR150UT3-50S,366.00,335
MP-AR150UT3-50SCP,366.00,335
MP-AR150UT4-40B,366.00,335
MP-AR150UT4-40S,366.00,335
MP-AR150UT4-50B,366.00,335
MP-AR150UT4-50BRPC,396.00,365
MP-AR150UT4-50S,366.00,335
MP-AR150UT5-30B,366.00,335
MP-AR150UT5-40B,366.00,335
MP-AR150UT5-40B-RPC,396.00,365
MP-AR150UT5-40BCP,366.00,335
MP-AR150UT5-40BMS,421.00,390
MP-AR150UT5-40BPC,396.00,365
MP-AR150UT5-40S,366.00,335
MP-AR150UT5-40SRPC,396.00,365
MP-AR150UT5-50B,366.00,335
MP-AR150UT5-50S,366.00,335
MP-AR200HT3-50B,509.00,478
MP-AR200HT3-50S,509.00,478
MP-AR200HT4-50B,509.00,478
MP-AR200HT5-50S,509.00,478
MP-AR200UT3-30B,459.00,428
MP-AR200UT3-40B,459.00,428
MP-AR200UT3-50B,459.00,428
MP-AR200UT3-50S,459.00,428
MP-AR200UT4-50B,459.00,428
MP-AR200UT4-50BMS,514.00,483
MP-AR200UT5-30B,459.00,428
MP-AR200UT5-40B,459.00,428
MP-AR200UT5-40BMS,514.00,483
MP-AR200UT5-40S,459.00,428
MP-AR200UT5-50B,459.00,428
MP-AR200UT5-50BMS,514.00,483
MP-AR200UT5-50BRPC,489.00,458
MP-AR200UT5-50S,459.00,428
MP-AR250HT4-50B,622.00,581
MP-AR250UT2-40B,572.00,531
MP-AR250UT3-30B,572.00,531
MP-AR250UT3-40B,572.00,531
MP-AR250UT3-40S,572.00,531
MP-AR250UT3-50B,572.00,531
MP-AR250UT3-50S,572.00,531
MP-AR250UT4-40B,572.00,531
MP-AR250UT4-40S,572.00,531
MP-AR250UT4-50B,572.00,531
MP-AR250UT4-50BRPC,602.00,561
MP-AR300HT3-40B,684.00,643
MP-AR300HT3-50B,684.00,643
MP-AR300HT4-40B,684.00,643
MP-AR300HT4-50B,684.00,643
MP-AR300UT3-30B,634.00,593
MP-AR300UT3-40B,634.00,593
MP-AR300UT3-40S,634.00,593
MP-AR300UT3-50B,634.00,593
MP-AR300UT3-50BRPC,664.00,623
MP-AR300UT3-50S,634.00,593
MP-AR300UT4-30B,634.00,593
MP-AR300UT4-50B,634.00,593
MP-AR300UT4-50W,634.00,593
MP-AR300UT5-30B,634.00,593
MP-AR300UT5-40B,634.00,593
MP-AR300UT5-40S,634.00,593
MP-AR300UT5-50B,634.00,593
MP-AR300UT5-50S,634.00,593
MP-BL12UT5-840B,249.00,243
MP-BL12UT5-840S,249.00,243
MP-BL12UT5-850B,249.00,243
MP-BL12UT5-850S,249.00,243
MP-BL25UT5-840B,275.00,254
MP-BL25UT5-840S,275.00,254
MP-BL25UT5-850B,275.00,254
MP-BL25UT5-850S,275.00,254
MP-CP28HC-40B,205.00,200
MP-CP28HC-50B,205.00,200
MP-CP28HP-40B,205.00,200
MP-CP28HP-50B,205.00,200
MP-CP28UA-40B,155.00,150
MP-CP28UA-40BEM,225.00,220
MP-CP28UA-40S,155.00,150
MP-CP28UA-50B,155.00,150
MP-CP28UA-50S,155.00,150
MP-CP28UC-30B,155.00,150
MP-CP28UC-30S,155.00,150
MP-CP28UC-40B,155.00,150
MP-CP28UC-40BEM,225.00,220
MP-CP28UC-40BPC,170.00,165
MP-CP28UC-40S,155.00,150
MP-CP28UC-50B,155.00,150
MP-CP28UC-50BMSEM,280.00,275
MP-CP28UC-50BPCEM,240.00,235
MP-CP28UC-50S,155.00,150
MP-CP28UC-VC840B,165.00,160
MP-CP28UC-VC840BCP,165.00,160
MP-CP28UC-VC840BPCEM,250.00,245
MP-CP28UC-VC840S,165.00,160
MP-CP28UC-VC840SCP,165.00,160
MP-CP28UP-30B,155.00,150
MP-CP28UP-30S,155.00,150
MP-CP28UP-40B,155.00,150
MP-CP28UP-40SMS,210.00,205
MP-CP28UP-50B,155.00,150
MP-CP28UP-50S,155.00,150
MP-CP55HC-40B,225.00,220
MP-CP55HC-50B,225.00,220
MP-CP55HP-40B,225.00,220
MP-CP55HP-50B,225.00,220
MP-CP55UA-40B,175.00,170
MP-CP55UA-40S,175.00,170
MP-CP55UA-50B,175.00,170
MP-CP55UA-50S,175.00,170
MP-CP55UC-30B,175.00,170
MP-CP55UC-30S,175.00,170
MP-CP55UC-40B,175.00,170
MP-CP55UC-40BPC,190.00,185
MP-CP55UC-40S,175.00,170
MP-CP55UC-50B,175.00,170
MP-CP55UC-50BMS,215.00,210
MP-CP55UC-50S,175.00,170
MP-CP55UC-VC840B,185.00,180
MP-CP55UC-VC840BPC,200.00,195
MP-CP55UC-VC840S,185.00,180
MP-CP55UP-30B,175.00,170
MP-CP55UP-40B,175.00,170
MP-CP55UP-40BEM,245.00,240
MP-CP55UP-40S,175.00,170
MP-CP55UP-40SMS,230.00,225
MP-CP55UP-40SMSEM,350.00,345
MP-CP55UP-50B,175.00,170
MP-CP55UP-50BEM,245.00,240
MP-CP55UP-50BMS,230.00,225
MP-CP55UP-50S,175.00,170
MP-FL100HW-40BKS,330.00,316
MP-FL100HW-50BTS,330.00,316
MP-FL100HW-50BTSRPC,360.00,346
MP-FL100UM-40BSKRPC,310.00,296
MP-FL100UM-40BTS,280.00,266
MP-FL100UM-50BSK,280.00,266
MP-FL100UM-50BTS,280.00,266
MP-FL100UM-50STS,280.00,260
MP-FL100UN-40BSK,280.00,266
MP-FL100UN-40BSKRPC,310.00,296
MP-FL100UN-50BSK,280.00,266
MP-FL100UN-50STS,280.00,260
MP-FL100UW-30BSK,280.00,266
MP-FL100UW-30BTS,280.00,266
MP-FL100UW-40BSK,280.00,266
MP-FL100UW-40BTS,280.00,266
MP-FL100UW-40BTSRPC,310.00,296
MP-FL100UW-50BSK,280.00,266
MP-FL100UW-50BTS,280.00,266
MP-FL100UW-50BTSMS,335.00,321
MP-FL100UW-50BTSPR7,310.00,296
MP-FL100UW-50BTSRPC,310.00,296
MP-FL130HW-40BSK,349.00,325
MP-FL130HW-40BTS,349.00,325
MP-FL130HW-50BSK,349.00,325
MP-FL130HW-50BSKRPC,379.00,355
MP-FL130HW-50BTS,349.00,325
MP-FL130UM-40BTS,299.00,275
MP-FL130UM-40BTSRPC,329.00,305
MP-FL130UM-50BSK,299.00,275
MP-FL130UM-50BTS,299.00,275
MP-FL130UM-50SSK,299.00,275
MP-FL130UM-50STS,299.00,275
MP-FL130UN-50BSK,299.00,275
MP-FL130UN-50BSKMS,354.00,330
MP-FL130UN-50BTS,299.00,275
MP-FL130UN-50SKSMS,354.00,330
MP-FL130UR-50BTS,299.00,275
MP-FL130UW-30BSK,299.00,275
MP-FL130UW-30BTS,299.00,275
MP-FL130UW-40BSK,299.00,275
MP-FL130UW-40BSKRPC,329.00,305
MP-FL130UW-40BTS,299.00,275
MP-FL130UW-40BTSRPC,329.00,305
MP-FL130UW-50BSK,299.00,275
MP-FL130UW-50BSKMS,354.00,330
MP-FL130UW-50BSKRPC,329.00,305
MP-FL130UW-50BTS,299.00,275
MP-FL130UW-50BTSMS,354.00,330
MP-FL130UW-50BTSPR7,329.00,305
MP-FL130UW-50BTSRPC,329.00,305
MP-FL130UW-50STS,299.00,275
MP-FL28HW-50BTS,178.00,174
MP-FL28UM-30SKS,128.00,124
MP-FL28UM-50BSK,128.00,124
MP-FL28UM-50BTS,128.00,124
MP-FL28UN-50BTS,155.00,149
MP-FL28UN-50BTSPC,170.00,164
MP-FL28UR-50BTS,128.00,124
MP-FL28UW-30BTS,128.00,124
MP-FL28UW-40BTS,128.00,124
MP-FL28UW-40BTSCP,155.00,149
MP-FL28UW-50BTS,128.00,124
MP-FL28UW-50BTSCP,155.00,149
MP-FL28UW-50BTSMS,183.00,179
MP-FL28UW-50BTSPC,143.00,139
MP-FL28UW-50STS,128.00,124
MP-FL28UW-VC840BTS,153.00,149
MP-FL28UW-VC840STS,153.00,149
MP-FL55HW-50BSK,199.00,195
MP-FL55HW-50BTS,199.00,195
MP-FL55UM-50BSK,149.00,145
MP-FL55UM-50BTS,149.00,145
MP-FL55UW-30BTS,149.00,145
MP-FL55UW-40BTS,149.00,145
MP-FL55UW-50BSK,149.00,145
MP-FL55UW-50BTS,149.00,145
MP-FL55UW-50BTSPC,164.00,160
MP-FL55UW-50STS,149.00,145
MP-FL55UW-VC840BTS,174.00,170
MP-FL55UW-VC840STS,174.00,170
MP-SM100HT3-50B,260.00,254
MP-SM100HT4-50B,260.00,254
MP-SM100UT3-30B,210.00,204
MP-SM100UT3-40B,210.00,204
MP-SM100UT3-40BMS,265.00,259
MP-SM100UT3-40BPC,225.00,219
MP-SM100UT3-50B,210.00,204
MP-SM100UT3-50BPC,225.00,219
MP-SM100UT4-30B,210.00,204
MP-SM100UT4-30BMS,265.00,259
MP-SM100UT4-30S,210.00,204
MP-SM100UT4-40B,210.00,204
MP-SM100UT4-40BMS,265.00,259
MP-SM100UT4-40BPC,225.00,219
MP-SM100UT4-50B,210.00,204
MP-SM100UT4-50BMS,265.00,259
MP-SM100UT4-50BPC,225.00,219
MP-SM100UT4-50S,210.00,204
MP-SM100UT4-50SPC,225.00,219
MP-SM28UT3-30B,135.00,130
MP-SM28UT3-40B,135.00,130
MP-SM28UT3-40BEM0,275.00,270
MP-SM28UT3-40BMS,190.00,185
MP-SM28UT3-40BPC,150.00,145
MP-SM28UT3-50B,135.00,130
MP-SM28UT3-50BEM0,275.00,270
MP-SM28UT3-50BSS,155.00,150
MP-SM28UT4-30B,135.00,130
MP-SM28UT4-30S,135.00,130
MP-SM28UT4-40B,135.00,130
MP-SM28UT4-40BCP,135.00,130
MP-SM28UT4-40BMS,190.00,185
MP-SM28UT4-40BPC,150.00,145
MP-SM28UT4-50B,135.00,130
MP-SM28UT4-50BCP,135.00,130
MP-SM28UT4-50BPC,150.00,145
MP-SM28UT4-50S,135.00,130
MP-SM28UT4-50SPC,150.00,145
MP-SM28UT5-VC840B,145.00,140
MP-SM28UT5-VC840BMS,200.00,195
MP-SM28UT5-VC840BPC,160.00,155
MP-SM55UT3-30B,175.00,170
MP-SM55UT3-40B,175.00,170
MP-SM55UT3-40BMS,230.00,225
MP-SM55UT3-40BPC,190.00,185
MP-SM55UT3-40S,175.00,170
MP-SM55UT3-50B,175.00,170
MP-SM55UT3-50BEM0,315.00,310
MP-SM55UT3-50BMS,230.00,225
MP-SM55UT3-50BPC,190.00,185
MP-SM55UT4-30B,175.00,170
MP-SM55UT4-30BPC,190.00,185
MP-SM55UT4-30S,175.00,170
MP-SM55UT4-40B,175.00,170
MP-SM55UT4-40BMS,230.00,225
MP-SM55UT4-40BPC,190.00,185
MP-SM55UT4-40S,175.00,170
MP-SM55UT4-40SPC,190.00,185
MP-SM55UT4-50B,175.00,170
MP-SM55UT4-50BMS,230.00,225
MP-SM55UT4-50BPC,190.00,185
MP-SM55UT4-50S,175.00,170
MP-SM55UT4-50SPC,190.00,185
MP-SM55UT5-VC840B,185.00,180
MP-SM55UT5-VC840BMS,240.00,235
MP-SM55UT5-VC840BPC,200.00,195
MP-SM55UT5-VC850BMS,240.00,235
MSENOCNEOSCU,96.00,0
MSENOCNEOSWU,85.00,0
MSITXLOD500SPASSY,59.00,0
MSITXLRD509SPASSY,0.00,0
MSWSFSP221B,59.00,0
PH-1000HPS-F-DE,240.00,202
PH-1000HPS-L-DE,29.00,27
PH-1000HPS2-F-DE,251.00,212
PH-1000HPS3-F-DE,251.00,212
PH-GH360HBPRF-WC0,680.51,631.9
PH-GH360HBPRX-WC0,675.66,627.4
PH-GH360HBXRF-WC0,721.40,669.87
PH-GH360HFSRF-WC0,709.28,658.61
PH-GH360UBPRF-WC0,652.54,605.93
PH-GH360UBPRX-WC0,647.69,601.43
PH-GH360UBPRX-WC1,662.69,616.43
PH-GH360UBXRF-WC0,700.18,650.17
PH-GH360UFSRF-WC0,683.49,634.67
PH-GH600HBPRF-WC0,824.20,765.33
PH-GH600HBPRX-WC0,819.51,760.97
PH-GH600HBXRF-WC0,886.62,823.29
PH-GH600HFSRF-WC0,862.12,800.54
PH-GH600UBPRF-WC0,778.54,722.93
PH-GH600UBPRX-WC0,773.85,718.57
PH-GH600UBXRF-WC0,840.95,780.89
PH-GH600UFSRF-WC0,816.46,758.14
PH-MHF315130,229.00,186
PH-MHF315230,229.00,187
PH-MHF630130,314.00,282
PH-MHF630230,314.00,282
PH-MHL315130,64.00,48
PL-BB218-B,115.00,105
PL-BB318L-B,125.00,0
QM-5AU7T440N-BMS,264.00,264
QM-6A87T350N-B,217.00,217
QM-6AH8T540C-B,267.00,267
QM-6AU8T540C-BMS4,254.00,254
QMP-100HT2-50B,384.00,353
QMP-100HT3-50B,384.00,353
QMP-100HT4-50B,384.00,353
QMP-100HT5-50B,384.00,353
QMP-100HT5-50BMS,439.00,408
QMP-100UT2-50B,334.00,303
QMP-100UT2-50BRPC,364.00,333
QMP-100UT3-50B,334.00,303
QMP-100UT3-50BRPC,364.00,333
QMP-100UT3-50W,334.00,303
QMP-100UT4-50B,334.00,303
QMP-100UT4-50BRPC,364.00,333
QMP-100UT5-50B,334.00,303
QMP-100UT5-50BMS,389.00,358
QMP-100UT5-50BPR7,364.00,333
QMP-100UT5-50BRPC,364.00,333
QMP-150HT2-50B,490.00,459
QMP-150HT3-50B,490.00,459
QMP-150HT4-50B,490.00,459
QMP-150HT4-50BRPC,520.00,489
QMP-150HT5-50B,490.00,459
QMP-150UT2-50B,440.00,409
QMP-150UT3-50B,440.00,409
QMP-150UT3-50BRPC,470.00,439
QMP-150UT4-50B,440.00,409
QMP-150UT4-50BMS,495.00,464
QMP-150UT4-50BRPC,470.00,439
QMP-150UT5-50B,440.00,409
QMP-150UT5-50BMS,495.00,464
QMP-150UT5-50BPR7,470.00,439
QMP-150UT5-50BRPC,470.00,439
QMP-150UT5-50L,440.00,409
QMP-200HT3-50B,586.00,554
QMP-200HT4-50B,586.00,554
QMP-200HT4-50B-RPC,616.00,584
QMP-200HT5-50B,586.00,554
QMP-200UT2-50B,536.00,504
QMP-200UT3-50B,536.00,504
QMP-200UT4-50B,536.00,504
QMP-200UT4-50BMS,591.00,559
QMP-200UT4-50BRPC,566.00,534
QMP-200UT5-50B,536.00,504
QMP-200UT5-50BRPC,566.00,534
QMP-250HT2-50B,702.00,660
QMP-250HT3-50B,702.00,660
QMP-250HT4-50B,702.00,660
QMP-250HT5-50B,702.00,660
QMP-250UT2-50B,652.00,610
QMP-250UT3-50B,652.00,610
QMP-250UT3-50BRPC,682.00,640
QMP-250UT4-50B,652.00,610
QMP-250UT5-50B,652.00,610
QMP-250UT5-50BRPC,682.00,640
QMP-250UT5-50W,652.00,610
QMP-300HT2-50B,830.00,787
QMP-300HT3-50B,830.00,787
QMP-300HT4-50B,830.00,787
QMP-300HT5-50B,830.00,787
QMP-300HT5-50BPR7,860.00,817
QMP-300UT2-50B,780.00,737
QMP-300UT3-50B,780.00,737
QMP-300UT3-50BMS,835.00,792
QMP-300UT4-50B,780.00,737
QMP-300UT4-50BMS,835.00,792
QMP-300UT4-50BRPC,810.00,767
QMP-300UT5-50B,780.00,737
QMP-50HT2-50B,278.00,247
QMP-50HT3-50B,278.00,247
QMP-50HT4-50B,278.00,247
QMP-50HT5-50B,278.00,247
QMP-50UT2-50B,228.00,197
QMP-50UT3-50B,228.00,197
QMP-50UT3-50BRPC,258.00,227
QMP-50UT4-50B,228.00,197
QMP-50UT4-50BRPC,258.00,227
QMP-50UT5-50B,228.00,197
QMP-50UT5-50BRPC,258.00,227
R4HT1S00BZ,21.20,18.02
R4HT218BZ,32.00,28
R4HT290BZ,30.00,26
R4HT312BZ,37.00,32
R4HT390BZ,37.00,32
R4VT1S00BZ,32.00,28
RCF409CSW,19.75,18
RCF61340W,19.25,17.75
RCF613CSW,21.00,19.25
RCF61830W,20.25,18.75
RCF61840W,20.25,18.75
RCF618CSW,22.00,20.25
RCF81330W,22.50,21
RCF81335W,22.50,21
RCF81340W,22.50,21
RCF813CSW,24.25,22.5
RCF81830W,23.50,22
RCF81835W,23.50,22
RCF81840W,23.50,22
RCF818CSW,25.25,23.5
RCF822CSW,26.75,25
RF408ICAT27WJ,12.00,11
RF408ICAT30W,11.75,10.5
RF408ICAT40W,11.75,10.75
RF610ICAT27WJ,13.00,11.75
RF610ICAT30W,12.75,11.5
RF610ICAT40W,12.75,11.5
RL-4818U-40,20.14,18.02
RL-6022U-40,22.26,21.2
RL-7226U-40,24.38,23.32
RR-409U-30W,17.00,13.5
RR-409U-30W,17.00,13.5
RR-409U-40W,17.00,13.5
RR-409U-40W,17.00,13.5
RR-613U-30W,21.00,16.5
RR-613U-30W,21.00,16.5
RR-613U-40W,21.00,16.5
RR-613U-40W,21.00,16.5
RR-613U-50W,21.00,16.5
RR-613U-50W,21.00,16.5
RR41027W-L9,4.75,4
RR41027W-L9,4.75,4
RR41030W-L9,4.75,4
RR41030W-L9,4.75,4
RR41040W-L9,4.75,4
RR41040W-L9,4.75,4
RR61127W-L9,6.25,5.75
RR61127W-L9,6.25,5.75
RR61130W-L9,6.25,5.75
RR61130W-L9,6.25,5.75
RR61140W-L9,6.25,5.75
RR61140W-L9,6.25,5.75
RR61827W-L9,7.50,6.75
RR61827W-L9,7.50,6.75
RR61827WC-L7,9.50,8.5
RR61827WC-L7,9.50,8.5
RR61830W-L9,7.50,6.75
RR61830W-L9,7.50,6.75
RRECO61240W/V2,42.00,38.5
RRECO61830W/V2,43.00,39.5
RRECO61840W/V2,43.00,39.5
RRECO62740W/V2,46.00,43
RRECO81230W/V2,46.00,43
RRECO81240W/V2,46.00,43
RRECO81830W/V2,47.00,43
RRECO81840W/V2,47.00,43
RRECO82430W/V2,49.00,45
RRECO82440W/V2,49.00,45
RRECO84030W/V2,56.00,51
RRECO84040W/V2,56.00,51
RRXC10U30,47.00,43
RRXC10U30Z,47.00,43
RRXC10U35,47.00,43
RRXC10U35Z,47.00,43
RRXC10U40,47.00,43
RRXC10U40Z,47.00,43
RRXC12U35ZEM,158.00,155
RRXC15U27Z,48.00,44
RRXC15U30,48.00,44
RRXC15U30Z,48.00,44
RRXC15U35,48.00,44
RRXC15U35Z,48.00,44
RRXC15U35ZEM,159.00,156
RRXC15U40,48.00,44
RRXC15U40Z,48.00,44
RRXC15U40ZEM,159.00,156
RRXC20U30,50.00,47
RRXC20U30Z,50.00,47
RRXC20U30ZEM,162.00,158
RRXC20U35,50.00,47
RRXC20U35Z,50.00,47
RRXC20U35ZEM,162.00,158
RRXC20U40,50.00,47
RRXC20U40Z,50.00,47
RRXC20U40ZEM,162.00,158
RRXC30U30Z,65.00,60
RRXC30U35Z,65.00,60
RRXC30U40Z,65.00,60
RRXC30U50Z,65.00,60
RRXC50U35Z,68.00,63
RRXC50U40Z,68.00,63
RRXC50U50Z,68.00,63
RS-482XT8,19.08,17.49
RS-4835U-40,47.00,43
RS-4835U-50,47.00,43
RS-4846U-40,56.00,51
RS-4846U-50,56.00,51
S4VT1S00BZ,30.00,0
S5VT1S00BZ,35.00,0
SB2BZ,16.96,13.78
SEC15U40BPC,64.00,49.5
SEC15U50BPC,64.00,49.5
SL-48421-50,19.00,18
SM1H65,58.00,54
SM1N65,50.00,46
SM2H65,74.00,69
SM2N65,55.00,51
SM3H65,95.00,88
SM3N65,72.00,67
SM4H65,110.00,101
SM4N65,92.00,85
TR2.37BZ,15.00,12.75
TR3BZ,70.00,64
TRK22D2335,46.00,42
TRK22D2335EM,131.00,127
TRK22D2340,46.00,42
TRK22D2340EM,131.00,127
TRK22D2350EM,131.00,127
TRK24D3335,55.00,51
TRK24D3335EM,149.00,144
TRK24D3340,55.00,51
TRK24D3340EM,149.00,144
TRK24D3350,55.00,51
TRK24D3350EM,149.00,144
U13T8DF235,11.35,10.5
U13T8DF240,11.35,10.5
U13T8DF250,11.35,10.5
U15.5T8SE235,12.10,11.4
U15.5T8SE240,12.10,11.4
U15.5T8SE250,12.10,11.4
UPMA-4RPA-B,9.75,9.5
UPMA-5RPA-B,9.75,9.5
UPMA-B,25.00,24
UPMA-S,25.00,24
USL14T8DF440,9.54,8.75
USL14T8DF450,9.54,8.75
USL15T8SE440,9.50,8.75
USL15T8SE450,9.50,8.75
V6.5ST19DLED922/JA8,4.50,4
VT-CONKIT,13.00,12
VT-DIMCABLE8,8.00,7
VT-V4830U-40,83.00,77
VT-V4830U-40,83.00,77
VT-V4830U-40EM,190.00,176
VT-V4830U-40EM,190.00,176
VT-V4830U-40MS,128.00,118
VT-V4830U-40MS,128.00,118
VT-V4830U-50,83.00,77
VT-V4830U-50,83.00,77
VT-V4830U-50EM,190.00,176
VT-V4830U-50EM,190.00,176
VT-V4850U-40,93.00,85
VT-V4850U-40,93.00,85
VT-V4850U-40EM,201.00,185
VT-V4850U-40EM,201.00,185
VT-V4850U-40MS,137.00,127
VT-V4850U-40MS,137.00,127
VT-V4850U-50,93.00,85
VT-V4850U-50,93.00,85
VT-V4850U-50EM,201.00,185
VT-V4850U-50EM,201.00,185
VT-V4850U-50MS,137.00,127
VT-V4850U-50MS,137.00,127
WMB1VBZ,51.00,45
WP-ADL50U-40B,102.00,87
WP-ADL50U-40B-PC,117.00,102
WP-ADL50U-50B,102.00,87
WP-ADL50U-50B-PC,117.00,102
WP-ADL70U-40B,130.00,110
WP-ADL70U-40B-PC,145.00,125
WP-ADL70U-50B,130.00,110
WP-ADL70U-50B-PC,145.00,125
WP-ADS15U-40B,56.00,41
WP-ADS15U-40B-PC,71.00,56
WP-ADS15U-50B,56.00,41
WP-ADS15U-50B-PC,71.00,56
WP-ADS20U-40B,65.00,51
WP-ADS20U-40B-PC,80.00,66
WP-ADS20U-50B,65.00,51
WP-ADS20U-50B-PC,80.00,66
WP-ADS29U-40B,74.00,60
WP-ADS29U-40B/PC,89.00,75
WP-ADS29U-50B,74.00,60
WP-ADS29U-50B/PC,89.00,75
WP-OP120H-50B,188.00,170
WP-OP120H-50BMS,243.00,225
WP-OP120U-40B,138.00,120
WP-OP120U-40B-MS,193.00,175
WP-OP120U-40BPC,153.00,135
WP-OP120U-50B,138.00,120
WP-OP120U-50B-MS,193.00,175
WP-OP120U-50B-PC,153.00,135
WP-OP120U-50BLEM0,258.00,240
WP-OP120U-50BLEM2,268.00,250
WP-OP28H-40B,130.00,119
WP-OP28H-50B,130.00,119
WP-OP28H-50BMS,176.00,170
WP-OP28U-40B,71.00,65
WP-OP28U-40B-PC,86.00,80
WP-OP28U-40BLEM2PC,0.00,0
WP-OP28U-40BMS,126.00,120
WP-OP28U-50B,71.00,65
WP-OP28U-50B-MS,126.00,120
WP-OP28U-50B-PC,86.00,80
WP-OP28U-50BLEM2,235.00,0
WP-OP28U-50BLEM2PC,0.00,0
WP-OP40H-40B,137.00,125
WP-OP40H-50B,137.00,125
WP-OP40H-50BMS,182.00,176
WP-OP40U-40B,77.00,71
WP-OP40U-40B-PC,92.00,86
WP-OP40U-40BL,87.00,81
WP-OP40U-40BLEM0,207.00,201
WP-OP40U-40BLEM0PC,222.00,216
WP-OP40U-40BLEM2,207.00,201
WP-OP40U-40BMS,132.00,126
WP-OP40U-50B,77.00,71
WP-OP40U-50B-MS,132.00,126
WP-OP40U-50B-PC,92.00,86
WP-OP40U-50BL,87.00,81
WP-OP40U-50BLEM0,207.00,201
WP-OP40U-50BLEM2,217.00,211
WP-OP50H-40B,146.00,130
WP-OP50H-50B,146.00,130
WP-OP50H-50BMS,190.00,180
WP-OP50U-40B,85.00,75
WP-OP50U-40B-MS,140.00,130
WP-OP50U-40BLEM2,225.00,215
WP-OP50U-40BLEM2PC,240.00,230
WP-OP50U-40BPC,100.00,90
WP-OP50U-50B,85.00,75
WP-OP50U-50B-MS,140.00,130
WP-OP50U-50B-PC,100.00,90
WP-OP50U-50BLEM0,215.00,205
WP-OP50U-50BLEM0PC,230.00,220
WP-OP50U-50BLEM2,225.00,215
WP-OP80H-40B,165.00,150
WP-OP80H-50B,165.00,150
WP-OP80H-50BMS,220.00,205
WP-OP80U-40B,115.00,100
WP-OP80U-40B-PC,130.00,115
WP-OP80U-40BLEM0,235.00,220
WP-OP80U-40BMS,170.00,155
WP-OP80U-50B,115.00,100
WP-OP80U-50B-MS,170.00,155
WP-OP80U-50B-PC,130.00,115
WP-OP80U-50BLEM0,235.00,220
WP-OP80U-50BLEM0PC,250.00,235
WP-OP80U-50BLEM2,245.00,230
